Handle,Variant Price
duffy-dyer-136,999999
duffy-dyer-136,
john-bateman-31,9999999
vicente-romo,9999999
vicente-romo,
gary-smith-176,99999
gary-smith-176,
1967-68-topps-128-bobby-orr-as,1200
1967-68-topps-128-bobby-orr-as,
1971-partridge-family-series-a-32a-keith-makes-a-point,6
1971-partridge-family-series-a-40a-heading-out-on-tour,6
1971-partridge-family-series-a-8a-david-does-a-solo,6
1971-partridge-family-series-a-36a-singing-up-a-storm,6
1971-partridge-family-series-a-42a-the-lead-singer,6
1971-partridge-family-series-a-38a-close-friends,6
1971-partridge-family-series-a-44a-unwanted-visitor,6
1971-partridge-family-series-a-2a-partridge-pow-wow,6
1971-partridge-family-series-a-48a-arriving-for-show,6
1971-partridge-family-series-a-4a-belting-out-a-song,6
1971-partridge-family-series-a-30a-david-on-stage,6
1971-partridge-family-series-a-10a-arriving-in-vegas,6
1971-partridge-family-series-a-9a-electrifying-performance,6
1971-partridge-family-series-a-16a-happy-times,6
1971-partridge-family-series-a-18a-david-comes-clean,6
1971-partridge-family-series-a-14a-standing-in-the-wings,6
1971-partridge-family-series-a-39a-a-swinging-singer,6
1971-partridge-family-series-a-5a-introducing-his-latest-hit,6
1971-partridge-family-series-a-15a-everybody-smiles,6
1971-partridge-family-series-a-31a-performing-for-their-fans,6
1971-partridge-family-series-a-28a-showing-up-on-schedule,6
1971-partridge-family-series-a-50a-leaving-town-today,6
1971-partridge-family-series-a-35a-turned-on-performance,6
1971-partridge-family-series-a-47a-what-a-groovy-guy,6
1971-partridge-family-series-a-23a-pretty-clever-kid,6
1971-partridge-family-series-a-33a-spotlight-on-danny,6
1971-partridge-family-series-a-26a-the-family-pet,6
1971-partridge-family-series-a-52a-reaching-their-destination,6
1971-partridge-family-series-a-21a-trying-out-a-brand-new-tune,6
1971-partridge-family-series-a-22a-just-david,6
1971-partridge-family-series-a-19a-red-hot-performers,6
1971-partridge-family-series-a-25a-all-american-boy,6
1971-partridge-family-series-a-24a-learning-their-lines,6
1971-partridge-family-series-a-46a-crowded-quarters,6
1971-partridge-family-series-a-27a-all-aboard,6
1971-partridge-family-series-a-54a-laurie-and-the-younger-set,6
1971-partridge-family-series-a-3a-beating-the-skins,6
1971-partridge-family-series-a-43a-family-discussion,6
1971-partridge-family-series-a-49a-lauries-got-a-date-tonight,6
1971-partridge-family-series-a-51a-freckled-face-favorite,6
1971-partridge-family-series-a-11a-5-minutes-to-showtime,6
1971-partridge-family-series-a-41a-picking-up-the-beat,6
1971-partridge-family-series-a-53a-keith-laurie-and-danny,6
1971-partridge-family-series-a-37a-time-to-rehearse,6
1971-partridge-family-series-a-29a-just-before-showtime,6
1971-partridge-family-series-a-6a-shirley-at-the-wheel,6
1971-partridge-family-series-a-7a-making-sweet-music,6
1971-partridge-family-series-a-12a-david-spruces-up,6
1971-72-o-pee-chee-247-phil-esposito-ross,30
1971-72-o-pee-chee-247-phil-esposito-ross,
1971-72-o-pee-chee-249-johnny-bucyk-byng,18
1971-72-o-pee-chee-249-johnny-bucyk-byng,
1971-72-o-pee-chee-248-ed-giacomin-gilles-villemure-vezina-trophy,18
1971-72-o-pee-chee-248-ed-giacomin-gilles-villemure-vezina-trophy,
1971-72-o-pee-chee-246-gilbert-perreault-calder,45
1971-72-o-pee-chee-246-gilbert-perreault-calder,
1972-73-o-pee-chee-156-stan-mikita-ia,15
1972-73-o-pee-chee-156-stan-mikita-ia,
1972-73-o-pee-chee-169-ken-hodge,9
1972-73-o-pee-chee-169-ken-hodge,
1972-73-o-pee-chee-135-dallas-smith-ia,9
1972-73-o-pee-chee-135-dallas-smith-ia,
1972-73-o-pee-chee-196-tony-esposito-ia,24
1972-73-o-pee-chee-196-tony-esposito-ia,
1972-73-o-pee-chee-149-orland-kurtenbach-ia,9
1972-73-o-pee-chee-149-orland-kurtenbach-ia,
1972-73-o-pee-chee-182-richard-martin-ia-uer,12
1972-73-o-pee-chee-182-richard-martin-ia-uer,
1972-73-o-pee-chee-128-frank-mahovlich-ia,9
1972-73-o-pee-chee-128-frank-mahovlich-ia,
1972-73-o-pee-chee-186-eddie-shack,60
1972-73-o-pee-chee-186-eddie-shack,
1972-73-o-pee-chee-283-assists-leaders-bobby-orr-phil-esposito-jean-ratelle,75
1972-73-o-pee-chee-283-assists-leaders-bobby-orr-phil-esposito-jean-ratelle,
1972-73-o-pee-chee-268-penalty-min-leaders-bryan-watson-keith-magnuson,15
1972-73-o-pee-chee-268-penalty-min-leaders-bryan-watson-keith-magnuson,
1972-73-o-pee-chee-230-phil-esposito-as1-brother-tony-also-in-photo,30
1972-73-o-pee-chee-230-phil-esposito-as1-brother-tony-also-in-photo,
1972-73-o-pee-chee-226-tony-esposito-as1,45
1972-73-o-pee-chee-226-tony-esposito-as1,
1972-73-o-pee-chee-155-vezina-trophy-winners,9
1972-73-o-pee-chee-155-vezina-trophy-winners,
1972-73-o-pee-chee-134-calder-trophy-winners,9
1972-73-o-pee-chee-134-calder-trophy-winners,
1972-73-o-pee-chee-253-stanley-cup-trophy,45
1972-73-o-pee-chee-253-stanley-cup-trophy,
1972-73-topps-172-james-norris-trophy,4.5
1972-73-topps-172-james-norris-trophy,
1972-73-o-pee-chee-175-conn-smythe-trophy-winners,9
1972-73-o-pee-chee-175-conn-smythe-trophy-winners,
1971-72-o-pee-chee-263-jean-beliveau-retires,180
1971-72-o-pee-chee-263-jean-beliveau-retires,
1971-72-o-pee-chee-255-johnny-bucyk-as1,18
1971-72-o-pee-chee-255-johnny-bucyk-as1,
1971-72-o-pee-chee-254-ken-hodge-as1,18
1971-72-o-pee-chee-254-ken-hodge-as1,
1971-72-o-pee-chee-260-yvan-cournoyer-as2,18
1971-72-o-pee-chee-260-yvan-cournoyer-as2,
1971-72-o-pee-chee-250-ed-giacomin-as1,18
1971-72-o-pee-chee-250-ed-giacomin-as1,
1971-72-o-pee-chee-259-dave-keon-as2,24
1971-72-o-pee-chee-259-dave-keon-as2,
1971-72-o-pee-chee-256-jacques-plante-as2-uer,45
1971-72-o-pee-chee-256-jacques-plante-as2-uer,
1971-72-o-pee-chee-258-pat-stapleton-as2,18
1971-72-o-pee-chee-258-pat-stapleton-as2,
1971-72-o-pee-chee-261-bobby-hull-as2,75
1971-72-o-pee-chee-261-bobby-hull-as2,
1970-71-o-pee-chee-241-john-mckenzie-as2,12
1970-71-o-pee-chee-241-john-mckenzie-as2,
1969-70-o-pee-chee-214-phil-esposito-as,60
1969-70-o-pee-chee-214-phil-esposito-as,
1969-70-o-pee-chee-216-bobby-hull-as,105
1969-70-o-pee-chee-216-bobby-hull-as,
1969-70-o-pee-chee-215-gordie-howe-as,150
1969-70-o-pee-chee-215-gordie-howe-as,
1968-69-o-pee-chee-212-gump-worsley-rogatien-vachon-vezina,120
1968-69-o-pee-chee-212-gump-worsley-rogatien-vachon-vezina,
1967-68-topps-127-tim-horton-as,60
1966-67-topps-129-pat-stapleton-as,36
1971-72-o-pee-chee-191-nick-harbaruk-rc,15
1971-72-o-pee-chee-191-nick-harbaruk-rc,
1971-72-o-pee-chee-190-sheldon-kannegiesser-rc,15
1971-72-o-pee-chee-190-sheldon-kannegiesser-rc,
1971-72-o-pee-chee-189-val-fonteyne,15
1971-72-o-pee-chee-189-val-fonteyne,
1971-72-o-pee-chee-188-keith-mccreary,15
1971-72-o-pee-chee-188-keith-mccreary,
1971-72-o-pee-chee-187-darryl-edestrand-rc,15
1971-72-o-pee-chee-187-darryl-edestrand-rc,
1971-72-o-pee-chee-185-gerry-pinder,15
1971-72-o-pee-chee-185-gerry-pinder,
1971-72-o-pee-chee-184-craig-patrick-rc,30
1971-72-o-pee-chee-184-craig-patrick-rc,
1971-72-o-pee-chee-183-stan-gilbertson-rc,15
1971-72-o-pee-chee-183-stan-gilbertson-rc,
1971-72-o-pee-chee-182-joey-johnston-rc,15
1971-72-o-pee-chee-182-joey-johnston-rc,
1971-72-o-pee-chee-181-gary-kurt-rc,18
1971-72-o-pee-chee-181-gary-kurt-rc,
1971-72-o-pee-chee-180-don-odonoghue-rc,15
1971-72-o-pee-chee-180-don-odonoghue-rc,
1971-72-o-pee-chee-177-bobby-sheehan-rc,15
1971-72-o-pee-chee-177-bobby-sheehan-rc,
1971-72-o-pee-chee-174-rick-smith,15
1971-72-o-pee-chee-174-rick-smith,
1971-72-o-pee-chee-173-ted-green,18
1971-72-o-pee-chee-173-ted-green,
1971-72-o-pee-chee-172-ed-johnston,18
1971-72-o-pee-chee-172-ed-johnston,
1971-72-o-pee-chee-171-mike-walton,15
1971-72-o-pee-chee-171-mike-walton,
1971-72-o-pee-chee-169-ed-westfall,18
1971-72-o-pee-chee-169-ed-westfall,
1971-72-o-pee-chee-168-larry-hillman,15
1971-72-o-pee-chee-168-larry-hillman,
1971-72-o-pee-chee-167-larry-mickey,15
1971-72-o-pee-chee-167-larry-mickey,
1971-72-o-pee-chee-165-jim-watson,15
1971-72-o-pee-chee-165-jim-watson,
1971-72-o-pee-chee-163-ron-anderson,15
1971-72-o-pee-chee-163-ron-anderson,
1971-72-o-pee-chee-162-steve-atkinson-rc,15
1971-72-o-pee-chee-162-steve-atkinson-rc,
1971-72-o-pee-chee-161-richard-martin-rc,60
1971-72-o-pee-chee-161-richard-martin-rc,
1971-72-o-pee-chee-160-gerry-meehan,18
1971-72-o-pee-chee-160-gerry-meehan,
1971-72-o-pee-chee-159-dave-dryden,18
1971-72-o-pee-chee-159-dave-dryden,
1971-72-o-pee-chee-158-floyd-smith,15
1971-72-o-pee-chee-158-floyd-smith,
1971-72-o-pee-chee-157-mike-corrigan,15
1971-72-o-pee-chee-157-mike-corrigan,
1971-72-o-pee-chee-149-dale-hoganson-rc,15
1971-72-o-pee-chee-149-dale-hoganson-rc,
1971-72-o-pee-chee-155-gary-edwards-rc,18
1971-72-o-pee-chee-155-gary-edwards-rc,
1971-72-o-pee-chee-154-real-lemieux,15
1971-72-o-pee-chee-154-real-lemieux,
1971-72-o-pee-chee-153-harry-howell,18
1971-72-o-pee-chee-153-harry-howell,
1971-72-o-pee-chee-152-butch-goring-rc,30
1971-72-o-pee-chee-152-butch-goring-rc,
1971-72-o-pee-chee-151-gilles-marotte,15
1971-72-o-pee-chee-151-gilles-marotte,
1971-72-o-pee-chee-150-al-mcdonough-rc,15
1971-72-o-pee-chee-150-al-mcdonough-rc,
1971-72-o-pee-chee-2-pierre-bouchard-rc,15
1971-72-o-pee-chee-2-pierre-bouchard-rc,
1971-72-o-pee-chee-148-guy-lafleur-uer-rc,600
1971-72-o-pee-chee-148-guy-lafleur-uer-rc,
1971-72-o-pee-chee-114-bobby-clarke,180
1971-72-o-pee-chee-114-bobby-clarke,
1971-72-o-pee-chee-112-jim-neilson,12
1971-72-o-pee-chee-112-jim-neilson,
1971-72-o-pee-chee-103-bob-plager,24
1971-72-o-pee-chee-103-bob-plager,
1971-72-o-pee-chee-97-jean-ratelle,24
1971-72-o-pee-chee-97-jean-ratelle,
1971-72-o-pee-chee-88-phil-goyette,12
1971-72-o-pee-chee-88-phil-goyette,
1971-72-o-pee-chee-49-al-hamilton,12
1971-72-o-pee-chee-49-al-hamilton,
1971-72-o-pee-chee-46-carol-vadnais,15
1971-72-o-pee-chee-46-carol-vadnais,
1971-72-o-pee-chee-11-bill-white,12
1971-72-o-pee-chee-11-bill-white,
1971-72-o-pee-chee-8-mike-robitaille-rc,12
1971-72-o-pee-chee-8-mike-robitaille-rc,
1971-72-o-pee-chee-179-norm-ferguson,15
1971-72-o-pee-chee-179-norm-ferguson,
1971-72-o-pee-chee-122-pat-quinn,15
1971-72-o-pee-chee-122-pat-quinn,
1968-69-o-pee-chee-2-bobby-orr,1200
1968-69-o-pee-chee-2-bobby-orr,
1971-72-o-pee-chee-147-rejean-houle,18
1971-72-o-pee-chee-147-rejean-houle,
1971-72-o-pee-chee-146-claude-larose-uer-misspelled-la-rose-on-both-sides,15
1971-72-o-pee-chee-146-claude-larose-uer-misspelled-la-rose-on-both-sides,
1971-72-o-pee-chee-145-guy-lapointe,18
1971-72-o-pee-chee-145-guy-lapointe,
1971-72-o-pee-chee-144-jacques-laperriere,18
1971-72-o-pee-chee-144-jacques-laperriere,
1971-72-o-pee-chee-143-serge-savard,30
1971-72-o-pee-chee-143-serge-savard,
1971-72-o-pee-chee-142-bill-hicke,15
1971-72-o-pee-chee-142-bill-hicke,
1971-72-o-pee-chee-141-bill-sutherland,15
1971-72-o-pee-chee-141-bill-sutherland,
1971-72-o-pee-chee-140-nick-libett,15
1971-72-o-pee-chee-140-nick-libett,
1971-72-o-pee-chee-139-bill-collins,15
1971-72-o-pee-chee-139-bill-collins,
1971-72-o-pee-chee-137-joe-daley,18
1971-72-o-pee-chee-137-joe-daley,
1971-72-o-pee-chee-136-serge-lajeunesse-rc,15
1971-72-o-pee-chee-136-serge-lajeunesse-rc,
1971-72-o-pee-chee-133-marcel-dionne-rc,450
1971-72-o-pee-chee-133-marcel-dionne-rc,
1971-o-pee-chee-73-george-brunet-st-louis-cardinals,4.5
1971-o-pee-chee-73-george-brunet-st-louis-cardinals,
1972-o-pee-chee-86-al-batting-leaders-tony-oliva-bobby-murcer-merv,12
1972-o-pee-chee-86-al-batting-leaders-tony-oliva-bobby-murcer-merv,
1971-topps-515-carl-morton,7.5
1971-topps-515-carl-morton,
1970-topps-78-joe-lahoud,2.25
1970-topps-78-joe-lahoud,
1971-topps-220-ron-santo,12
1971-topps-220-ron-santo,
1971-topps-406-ray-sadecki,7.5
1971-topps-406-ray-sadecki,
1971-topps-647-juan-pizarro,24
1971-topps-647-juan-pizarro,
1971-topps-55-steve-carlton,60
1971-topps-55-steve-carlton,
1971-topps-108-john-cumberland,4.5
1971-topps-108-john-cumberland,
1971-topps-390-glenn-beckert,6
1971-topps-390-glenn-beckert,
1971-topps-340-rico-petrocelli,6
1971-topps-340-rico-petrocelli,
1971-topps-181-hal-lanier,4.5
1971-topps-181-hal-lanier,
1971-topps-190-bob-tolan,4.5
1971-topps-190-bob-tolan,
1971-topps-305-reggie-smith,6
1971-topps-305-reggie-smith,
1971-topps-536-claude-raymond,12
1971-topps-536-claude-raymond,
1971-topps-752-dick-drago,36
1971-topps-752-dick-drago,
1971-topps-176-rookie-stars-bob-montgomery-rc-doug-griffin-rc,6
1971-topps-176-rookie-stars-bob-montgomery-rc-doug-griffin-rc,
1971-topps-156-bart-johnson,4.5
1971-topps-156-bart-johnson,
1972-o-pee-chee-31-cleon-jones,6
1972-o-pee-chee-31-cleon-jones,
1971-topps-320-dave-mcnally,6
1971-topps-320-dave-mcnally,
1971-topps-135-rick-monday,6
1971-topps-135-rick-monday,
1971-topps-147-bob-priddy,4.5
1971-topps-147-bob-priddy,
1970-topps-268-claude-raymond,3
1970-topps-268-claude-raymond,
1970-topps-89-juan-rios,2.25
1970-topps-89-juan-rios,
1970-topps-183-jerry-grote,4.5
1970-topps-183-jerry-grote,
1971-topps-375-steve-hargan,4.5
1971-topps-375-steve-hargan,
1971-topps-372-lew-krausse,4.5
1971-topps-372-lew-krausse,
1971-topps-58-bill-lee,6
1971-topps-58-bill-lee,
1971-topps-171-bobby-wine,4.5
1971-topps-171-bobby-wine,
1972-o-pee-chee-80-tony-perez,24
1972-o-pee-chee-80-tony-perez,
1970-topps-472-atlanta-braves-tc,12
1970-topps-472-atlanta-braves-tc,
1971-topps-554-lowell-palmer,12
1971-topps-554-lowell-palmer,
1971-topps-90-joe-pepitone,6
1971-topps-90-joe-pepitone,
1972-o-pee-chee-33-billy-martin-mg,18
1972-o-pee-chee-33-billy-martin-mg,
1971-topps-539-larry-brown,12
1971-topps-539-larry-brown,
1971-topps-436-wilbur-wood,12
1971-topps-436-wilbur-wood,
1971-topps-191-mike-andrews,4.5
1971-topps-191-mike-andrews,
1970-topps-110-bob-moose,2.25
1970-topps-110-bob-moose,
1970-topps-192-jim-qualls,3
1970-topps-192-jim-qualls,
1971-topps-316-fred-scherman-rc,4.5
1971-topps-316-fred-scherman-rc,
1971-topps-198-al-playoff-summary-orioles-celebrate,6
1971-topps-198-al-playoff-summary-orioles-celebrate,
1971-topps-32-jerry-davanon,4.5
1971-topps-32-jerry-davanon,
1971-topps-378-tito-fuentes,4.5
1971-topps-378-tito-fuentes,
1971-topps-391-rookie-stars-steve-brye-rc-cotton-nash-rc,6
1971-topps-391-rookie-stars-steve-brye-rc-cotton-nash-rc,
1971-topps-274-ron-slocum,4.5
1971-topps-274-ron-slocum,
1970-topps-85-max-alvis,2.25
1970-topps-85-max-alvis,
1971-topps-487-paul-schaal,7.5
1971-topps-487-paul-schaal,
1971-topps-239-red-schoendienst-mg,6
1971-topps-239-red-schoendienst-mg,
1971-topps-364-tommy-dean,4.5
1971-topps-364-tommy-dean,
1971-topps-150-sam-mcdowell,6
1971-topps-150-sam-mcdowell,
1969-o-pee-chee-203-dave-johnson,12
1969-o-pee-chee-203-dave-johnson,
1971-topps-384-rollie-fingers,18
1971-topps-384-rollie-fingers,
1971-topps-700-boog-powell-sp,75
1971-topps-700-boog-powell-sp,
1964-topps-33-rookie-stars-sammy-ellis-mel-queen,18
1964-topps-33-rookie-stars-sammy-ellis-mel-queen,
1971-topps-60-dick-bosman,4.5
1971-topps-60-dick-bosman,
1970-topps-540-gary-peters,6
1970-topps-540-gary-peters,
1971-topps-123b-checklist-2-card-number-centered,30
1971-topps-123b-checklist-2-card-number-centered,
1971-topps-81-felix-millan,4.5
1971-topps-81-felix-millan,
1971-topps-110-bill-mazeroski,18
1971-topps-110-bill-mazeroski,
1971-topps-112-manny-mota,6
1971-topps-112-manny-mota,
1971-topps-224-alan-gallagher-rc,4.5
1971-topps-224-alan-gallagher-rc,
1971-topps-339-wayne-simpson,4.5
1971-topps-339-wayne-simpson,
1971-topps-267-rich-morales,4.5
1971-topps-267-rich-morales,
1971-topps-262-rookie-stars-jim-williams-dave-robinson-rc,4.5
1971-topps-262-rookie-stars-jim-williams-dave-robinson-rc,
1971-topps-295-bobby-bonds,12
1971-topps-295-bobby-bonds,
1971-topps-380-ted-williams-mg,36
1971-topps-380-ted-williams-mg,
1971-topps-260-tommy-harper,6
1971-topps-260-tommy-harper,
1971-topps-306-jim-nash,4.5
1971-topps-306-jim-nash,
1970-topps-245-leo-cardenas,3
1970-topps-245-leo-cardenas,
1971-72-o-pee-chee-156-rogatien-vachon,30
1971-72-o-pee-chee-156-rogatien-vachon,
1972-73-o-pee-chee-111-phil-esposito,45
1972-73-o-pee-chee-111-phil-esposito,
1972-73-o-pee-chee-112-gilles-meloche-rc,24
1972-73-o-pee-chee-112-gilles-meloche-rc,
1972-73-o-pee-chee-116-jim-lorentz,9
1972-73-o-pee-chee-116-jim-lorentz,
1972-73-o-pee-chee-119-gerry-desjardins-dp,4.5
1972-73-o-pee-chee-119-gerry-desjardins-dp,
1972-73-o-pee-chee-122-bill-plager-rc,12
1972-73-o-pee-chee-122-bill-plager-rc,
1972-73-o-pee-chee-123-red-berenson-dp,4.5
1972-73-o-pee-chee-123-red-berenson-dp,
1972-73-o-pee-chee-124-peter-mahovlich-dp,9
1972-73-o-pee-chee-124-peter-mahovlich-dp,
1972-73-o-pee-chee-125-simon-nolet,9
1972-73-o-pee-chee-125-simon-nolet,
1972-73-o-pee-chee-126-paul-henderson,9
1972-73-o-pee-chee-126-paul-henderson,
1972-73-o-pee-chee-132-gilles-villemure,9
1972-73-o-pee-chee-132-gilles-villemure,
1972-73-o-pee-chee-136-gilbert-perreault-dp,36
1972-73-o-pee-chee-136-gilbert-perreault-dp,
1972-73-o-pee-chee-137-tony-esposito-dp,60
1972-73-o-pee-chee-137-tony-esposito-dp,
1972-73-o-pee-chee-144-arnie-brown,9
1972-73-o-pee-chee-144-arnie-brown,
1972-73-o-pee-chee-145-ken-dryden-dp,120
1972-73-o-pee-chee-145-ken-dryden-dp,
1972-73-o-pee-chee-147-norm-ullman,15
1972-73-o-pee-chee-147-norm-ullman,
1972-73-o-pee-chee-151-dick-redmond-dp,4.5
1972-73-o-pee-chee-151-dick-redmond-dp,
1972-73-o-pee-chee-153-rod-gilbert,15
1972-73-o-pee-chee-153-rod-gilbert,
1972-73-o-pee-chee-154-duane-rupp,9
1972-73-o-pee-chee-154-duane-rupp,
1972-73-o-pee-chee-157-richard-martin-dp,15
1972-73-o-pee-chee-157-richard-martin-dp,
1972-73-o-pee-chee-159-bill-goldsworthy-dp,4.5
1972-73-o-pee-chee-159-bill-goldsworthy-dp,
1972-73-o-pee-chee-160-jack-lynch-rc,9
1972-73-o-pee-chee-160-jack-lynch-rc,
1972-73-o-pee-chee-161-bob-plager-dp,4.5
1972-73-o-pee-chee-161-bob-plager-dp,
1972-73-o-pee-chee-163-noel-price,9
1972-73-o-pee-chee-163-noel-price,
1972-73-o-pee-chee-164-gary-bergman-dp,4.5
1972-73-o-pee-chee-164-gary-bergman-dp,
1972-73-o-pee-chee-166-ross-lonsberry,9
1972-73-o-pee-chee-166-ross-lonsberry,
1972-73-o-pee-chee-167-denis-dupere,9
1972-73-o-pee-chee-167-denis-dupere,
1972-73-o-pee-chee-170-don-awrey-dp,4.5
1972-73-o-pee-chee-170-don-awrey-dp,
1972-73-o-pee-chee-171-marshall-johnston-dp-rc,4.5
1972-73-o-pee-chee-171-marshall-johnston-dp-rc,
1972-73-o-pee-chee-173-ed-giacomin,15
1972-73-o-pee-chee-173-ed-giacomin,
1972-73-o-pee-chee-177-stan-mikita-dp,24
1972-73-o-pee-chee-177-stan-mikita-dp,
1972-73-o-pee-chee-178-charlie-burns,9
1972-73-o-pee-chee-178-charlie-burns,
1972-73-o-pee-chee-179-brian-marchinko,9
1972-73-o-pee-chee-179-brian-marchinko,
1972-73-o-pee-chee-181-bobby-schmautz-rc,12
1972-73-o-pee-chee-181-bobby-schmautz-rc,
1972-73-o-pee-chee-183-pat-quinn,9
1972-73-o-pee-chee-183-pat-quinn,
1972-73-o-pee-chee-185-serge-savard,15
1972-73-o-pee-chee-185-serge-savard,
1972-73-o-pee-chee-187-bill-flett,9
1972-73-o-pee-chee-187-bill-flett,
1972-73-o-pee-chee-191-garnet-bailey-dp,4.5
1972-73-o-pee-chee-191-garnet-bailey-dp,
1972-73-o-pee-chee-192-walt-mckechnie,9
1972-73-o-pee-chee-192-walt-mckechnie,
1972-73-o-pee-chee-193-harry-howell,9
1972-73-o-pee-chee-193-harry-howell,
1972-73-o-pee-chee-194-rod-seiling,9
1972-73-o-pee-chee-194-rod-seiling,
1972-73-o-pee-chee-198-chico-maki-dp,4.5
1972-73-o-pee-chee-198-chico-maki-dp,
1972-73-o-pee-chee-199-jean-paul-parise,9
1972-73-o-pee-chee-199-jean-paul-parise,
1972-73-o-pee-chee-200-germaine-gagnon-uer-rc,9
1972-73-o-pee-chee-200-germaine-gagnon-uer-rc,
1972-73-o-pee-chee-201-danny-oshea,9
1972-73-o-pee-chee-201-danny-oshea,
1972-73-o-pee-chee-203-dan-bouchard-rc,30
1972-73-o-pee-chee-203-dan-bouchard-rc,
1972-73-o-pee-chee-204-leon-rochefort,9
1972-73-o-pee-chee-204-leon-rochefort,
1972-73-o-pee-chee-205-jacques-laperriere,12
1972-73-o-pee-chee-205-jacques-laperriere,
1972-73-o-pee-chee-206-barry-ashbee,9
1972-73-o-pee-chee-206-barry-ashbee,
1972-73-o-pee-chee-207-garry-monahan,9
1972-73-o-pee-chee-207-garry-monahan,
1972-73-o-pee-chee-210-rejean-houle,15
1972-73-o-pee-chee-210-rejean-houle,
1972-73-o-pee-chee-212-ted-irvine,12
1972-73-o-pee-chee-212-ted-irvine,
1972-73-o-pee-chee-217-bobby-lalonde-rc,12
1972-73-o-pee-chee-217-bobby-lalonde-rc,
1972-73-o-pee-chee-221-craig-patrick,12
1972-73-o-pee-chee-221-craig-patrick,
1972-73-o-pee-chee-222-cliff-koroll,12
1972-73-o-pee-chee-222-cliff-koroll,
1972-73-o-pee-chee-237-pierre-jarry-rc,12
1972-73-o-pee-chee-237-pierre-jarry-rc,
1972-73-o-pee-chee-238-don-tannahill-rc,12
1972-73-o-pee-chee-238-don-tannahill-rc,
1972-73-o-pee-chee-249-pat-stapleton-as2,12
1972-73-o-pee-chee-249-pat-stapleton-as2,
1972-73-o-pee-chee-251-henri-richard,18
1972-73-o-pee-chee-251-henri-richard,
1972-73-o-pee-chee-255-wayne-hillman,12
1972-73-o-pee-chee-255-wayne-hillman,
1972-73-o-pee-chee-265-bill-collins,12
1972-73-o-pee-chee-265-bill-collins,
1972-73-o-pee-chee-270-brian-lavender-rc,12
1972-73-o-pee-chee-270-brian-lavender-rc,
1972-73-o-pee-chee-273-michel-belhumeur-rc,24
1972-73-o-pee-chee-273-michel-belhumeur-rc,
1972-73-o-pee-chee-274-eddie-shack,18
1972-73-o-pee-chee-274-eddie-shack,
1972-73-o-pee-chee-281-nick-beverley-rc,24
1972-73-o-pee-chee-281-nick-beverley-rc,
1972-73-o-pee-chee-282-larry-carriere-rc,12
1972-73-o-pee-chee-282-larry-carriere-rc,
1972-73-o-pee-chee-284-rick-smith-ia,15
1972-73-o-pee-chee-284-rick-smith-ia,
1972-73-o-pee-chee-285-jerry-korab-rc,18
1972-73-o-pee-chee-285-jerry-korab-rc,
1972-73-o-pee-chee-288-barry-long-rc,15
1972-73-o-pee-chee-288-barry-long-rc,
1972-73-o-pee-chee-289-dean-prentice,15
1972-73-o-pee-chee-289-dean-prentice,
1971-topps-11-elliott-maddox-rc,4.5
1971-topps-11-elliott-maddox-rc,
1971-topps-51-steve-kline-rc,4.5
1971-topps-51-steve-kline-rc,
1971-topps-130-denis-menke,4.5
1971-topps-130-denis-menke,
1969-o-pee-chee-27-bernie-allen,6
1969-o-pee-chee-27-bernie-allen,
1971-topps-590-alex-johnson,18
1971-topps-590-alex-johnson,
1970-topps-62-al-batting-leaders-rod-carew-reggie-smith-tony-oliva,6
1970-topps-62-al-batting-leaders-rod-carew-reggie-smith-tony-oliva,
1971-topps-366-ron-stone,4.5
1971-topps-366-ron-stone,
1970-topps-105-tony-gonzalez,2.25
1970-topps-105-tony-gonzalez,
1971-topps-365-bob-johnson,4.5
1971-topps-365-bob-johnson,
1971-topps-287-mike-fiore,4.5
1971-topps-287-mike-fiore,
1970-o-pee-chee-cfl-99-sonny-wade,18
1970-o-pee-chee-cfl-99-sonny-wade,
1971-topps-279-lefty-phillips-mg,4.5
1971-topps-279-lefty-phillips-mg,
1971-topps-155-ken-henderson,4.5
1971-topps-155-ken-henderson,
1971-topps-138-rookie-stars-joe-lis-willie-montanez-rc,6
1971-topps-138-rookie-stars-joe-lis-willie-montanez-rc,
1971-topps-173-gil-garrido,4.5
1971-topps-173-gil-garrido,
1962-topps-436-felix-mantilla,32
1962-topps-436-felix-mantilla,
1970-topps-scratchoffs-13-tim-mccarver,4.5
1970-topps-scratchoffs-13-tim-mccarver,
1971-topps-69-al-pitching-leaders-mike-cuellar-dave-mcnally-jim-perry,6
1971-topps-69-al-pitching-leaders-mike-cuellar-dave-mcnally-jim-perry,
1971-topps-259-dave-marshall,4.5
1971-topps-259-dave-marshall,
1971-topps-22-phil-roof,4.5
1971-topps-22-phil-roof,
1971-topps-229-jim-hannan,4.5
1971-topps-229-jim-hannan,
1972-o-pee-chee-185-ron-bryant,4.5
1972-o-pee-chee-185-ron-bryant,
1971-topps-9-george-scott,6
1971-topps-9-george-scott,
1971-topps-265-jim-northrup,6
1971-topps-265-jim-northrup,
1970-topps-389-jim-shellenback,4.5
1970-topps-389-jim-shellenback,
1972-o-pee-chee-36-jerry-johnson-ia,3
1972-o-pee-chee-36-jerry-johnson-ia,
1971-topps-84-marcel-lachemann-rc,4.5
1971-topps-84-marcel-lachemann-rc,
1971-topps-225-gary-peters,4.5
1971-topps-225-gary-peters,
1971-topps-120-willie-horton,6
1971-topps-120-willie-horton,
1970-topps-189-rookie-stars-thurman-munson-rc-dave-mcdonald-rc,300
1970-topps-189-rookie-stars-thurman-munson-rc-dave-mcdonald-rc,
1970-topps-516-rookie-stars-john-ellis-rc-jim-lyttle-rc,6
1970-topps-516-rookie-stars-john-ellis-rc-jim-lyttle-rc,
1971-topps-92-fred-wenz,4.5
1971-topps-92-fred-wenz,
1971-topps-266-bill-stoneman,4.5
1971-topps-266-bill-stoneman,
1971-topps-50-willie-mccovey,30
1971-topps-50-willie-mccovey,
1971-topps-511-chris-short-pete-rose-leading-off-second,12
1971-topps-511-chris-short-pete-rose-leading-off-second,
1971-topps-244-bob-tillman,4.5
1971-topps-244-bob-tillman,
1970-topps-441-john-odonoghue,4.5
1970-topps-441-john-odonoghue,
1970-topps-436-philadelphia-phillies-tc,9
1970-topps-436-philadelphia-phillies-tc,
1971-topps-245-jim-kaat,6
1971-topps-245-jim-kaat,
1972-topps-48-john-ellis-ia,1.8
1972-topps-48-john-ellis-ia,
1971-topps-54-checklist-1,30
1971-topps-54-checklist-1,
1971-topps-240-clyde-wright,4.5
1971-topps-240-clyde-wright,
1972-topps-68-jim-york-rc,1.8
1972-topps-68-jim-york-rc,
1971-topps-65-al-home-run-leaders-frank-howard-harmon-killebrew-carl-yastrzemski,12
1971-topps-65-al-home-run-leaders-frank-howard-harmon-killebrew-carl-yastrzemski,
1971-topps-341-steve-garvey-rc,90
1971-topps-341-steve-garvey-rc,
1971-topps-440-bert-campaneris,12
1971-topps-440-bert-campaneris,
1971-topps-76-ted-savage,4.5
1971-topps-76-ted-savage,
1971-topps-188-rookie-stars-bob-valentine-rc-mike-strahler-rc,18
1971-topps-188-rookie-stars-bob-valentine-rc-mike-strahler-rc,
1971-topps-2-dock-ellis,4.5
1971-topps-2-dock-ellis,
1970-topps-55-john-odom,2.25
1970-topps-55-john-odom,
1970-topps-537-joe-morgan,30
1970-topps-537-joe-morgan,
1972-73-o-pee-chee-290-norm-beaudin,24
1972-73-o-pee-chee-290-norm-beaudin,
1972-73-o-pee-chee-292-jim-harrison,24
1972-73-o-pee-chee-292-jim-harrison,
1972-73-o-pee-chee-293-j-c-tremblay,24
1972-73-o-pee-chee-293-j-c-tremblay,
1972-73-o-pee-chee-296-wayne-connelly,24
1972-73-o-pee-chee-296-wayne-connelly,
1972-73-o-pee-chee-297-bobby-sheehan,24
1972-73-o-pee-chee-297-bobby-sheehan,
1972-73-o-pee-chee-300-les-binkley,24
1972-73-o-pee-chee-300-les-binkley,
1972-73-o-pee-chee-301-ron-walters,24
1972-73-o-pee-chee-301-ron-walters,
1972-73-o-pee-chee-304-gerry-odrowski,24
1972-73-o-pee-chee-304-gerry-odrowski,
1972-73-o-pee-chee-307-larry-cahan,24
1972-73-o-pee-chee-307-larry-cahan,
1972-73-o-pee-chee-310-bob-falkenberg,24
1972-73-o-pee-chee-310-bob-falkenberg,
1972-73-o-pee-chee-311-jean-payette-rc,24
1972-73-o-pee-chee-311-jean-payette-rc,
1972-73-o-pee-chee-312-ted-taylor,24
1972-73-o-pee-chee-312-ted-taylor,
1972-73-o-pee-chee-316-reg-fleming,30
1972-73-o-pee-chee-316-reg-fleming,
1972-73-o-pee-chee-317-larry-hornung-rc,24
1972-73-o-pee-chee-317-larry-hornung-rc,
1972-73-o-pee-chee-318-ron-climie-rc,24
1972-73-o-pee-chee-318-ron-climie-rc,
1972-73-o-pee-chee-319-val-fonteyne,24
1972-73-o-pee-chee-319-val-fonteyne,
1972-73-o-pee-chee-320-michel-archambault-rc,24
1972-73-o-pee-chee-320-michel-archambault-rc,
1972-73-o-pee-chee-322-bob-leduc-rc,24
1972-73-o-pee-chee-322-bob-leduc-rc,
1972-73-o-pee-chee-323-bob-wall,24
1972-73-o-pee-chee-323-bob-wall,
1972-73-o-pee-chee-325-bob-woytowich,24
1972-73-o-pee-chee-325-bob-woytowich,
1972-73-o-pee-chee-327-bill-hicke,24
1972-73-o-pee-chee-327-bill-hicke,
1972-73-o-pee-chee-329-wayne-rutledge-rc,30
1972-73-o-pee-chee-329-wayne-rutledge-rc,
1972-73-o-pee-chee-330-gary-veneruzzo,24
1972-73-o-pee-chee-330-gary-veneruzzo,
1972-73-o-pee-chee-332-ron-ward-rc,24
1972-73-o-pee-chee-332-ron-ward-rc,
1972-73-o-pee-chee-333-rosaire-paiement,24
1972-73-o-pee-chee-333-rosaire-paiement,
1972-73-o-pee-chee-336-bobby-hull,180
1972-73-o-pee-chee-336-bobby-hull,
1972-73-o-pee-chee-337-wayne-carleton,24
1972-73-o-pee-chee-337-wayne-carleton,
1972-73-o-pee-chee-340-gerry-cheevers,90
1972-73-o-pee-chee-340-gerry-cheevers,
1972-73-o-pee-chee-341-gerry-pinder,60
1972-73-o-pee-chee-341-gerry-pinder,
1970-o-pee-chee-cfl-19-ted-page,7.5
1970-o-pee-chee-cfl-67-phil-minnick,7.5
1970-o-pee-chee-cfl-41-roger-perdrix,7.5
1964-topps-cfl-9-lonnie-dennis,10
1963-topps-cfl-65-don-walsh,10
1970-o-pee-chee-cfl-push-out-inserts-1-ed-harrington,45
1971-o-pee-chee-cfl-131-gerry-shaw,7.5
1970-o-pee-chee-cfl-56-ken-ferguson,7.5
1970-o-pee-chee-cfl-58-tom-nettles,7.5
1971-o-pee-chee-cfl-74-john-reid,7.5
1970-o-pee-chee-cfl-20-bill-danychuk,12
1971-o-pee-chee-cfl-72-wally-gabler,9
1970-o-pee-chee-cfl-81-george-reed,45
1970-o-pee-chee-cfl-74-henry-dorsch,7.5
1970-o-pee-chee-cfl-27-dave-tobey,7.5
1970-o-pee-chee-cfl-26-rich-robinson,7.5
1965-66-topps-37-ed-westfall,30
1965-66-topps-37-ed-westfall,
1965-66-topps-105-parker-macdonald,24
1965-66-topps-105-parker-macdonald,
1965-66-topps-34-murray-oliver-dp,18
1965-66-topps-34-murray-oliver-dp,
1965-66-topps-103-ron-stewart,24
1965-66-topps-103-ron-stewart,
1965-66-topps-118-doug-mohns,30
1965-66-topps-118-doug-mohns,
1968-69-o-pee-chee-127-paul-henderson,30
1968-69-o-pee-chee-131-norm-ullman,36
1968-69-o-pee-chee-144-roy-edwards,30
1968-69-o-pee-chee-144-roy-edwards,
1968-69-o-pee-chee-146-bob-mccord-dp,24
1968-69-o-pee-chee-146-bob-mccord-dp,
1968-69-o-pee-chee-196-bill-sutherland-dp-rc,24
1968-69-o-pee-chee-196-bill-sutherland-dp-rc,
1971-72-o-pee-chee-194-rick-ley,15
1971-72-o-pee-chee-242-doug-mohns,15
1971-72-o-pee-chee-241-gump-worsley,30
1971-72-o-pee-chee-239-murray-oliver,15
1971-72-o-pee-chee-238-charlie-burns,15
1971-72-o-pee-chee-237-wayne-connelly,15
1971-72-o-pee-chee-236-ron-stewart,15
1971-72-o-pee-chee-235-george-gardner,15
1971-72-o-pee-chee-233-rosaire-paiement,15
1971-72-o-pee-chee-232-jocelyn-guevremont-rc,18
1971-72-o-pee-chee-231-dennis-kearns-rc,15
1971-72-o-pee-chee-228-phil-roberto-rc,15
1971-72-o-pee-chee-227-jim-lorentz,15
1971-72-o-pee-chee-226-brit-selby,15
1971-72-o-pee-chee-225-peter-mcduffe-rc,18
1971-72-o-pee-chee-224-noel-picard,15
1971-72-o-pee-chee-222-carl-brewer,18
1971-72-o-pee-chee-221-glen-sather,18
1971-72-o-pee-chee-220-ed-giacomin,30
1971-72-o-pee-chee-219-dale-rolfe,15
1971-72-o-pee-chee-218-bobby-rousseau,15
1971-72-o-pee-chee-217-pete-stemkowski,15
1971-72-o-pee-chee-216-bruce-macgregor,15
1971-72-o-pee-chee-215-bill-fairbairn-rc,15
1971-72-o-pee-chee-214-bryan-campbell,15
1971-72-o-pee-chee-213-eric-nesterenko,18
1971-72-o-pee-chee-212-lou-angotti,15
1971-72-o-pee-chee-201-bruce-gamble,18
1971-72-o-pee-chee-210-chico-maki,15
1971-72-o-pee-chee-209-cliff-koroll,15
1971-72-o-pee-chee-208-doug-jarrett,15
1971-72-o-pee-chee-207-rick-macleish-rc,60
1971-72-o-pee-chee-207-rick-macleish-rc,
1971-72-o-pee-chee-206-simon-nolet,15
1971-72-o-pee-chee-205-brent-hughes,15
1971-72-o-pee-chee-204-jean-guy-gendron,15
1971-72-o-pee-chee-203-bob-kelly-rc,18
1971-72-o-pee-chee-202-gary-dornhoefer,15
1971-72-o-pee-chee-198-brian-spencer-rc,30
1971-72-o-pee-chee-196-bob-baun,18
1971-72-o-pee-chee-195-jacques-plante,90
1971-72-o-pee-chee-195-jacques-plante,
1971-72-o-pee-chee-193-darryl-sittler,120
1971-72-o-pee-chee-193-darryl-sittler,
commando,5
limitless,5
lawless,5
american-psycho,2
final-fantasy-advent-children,5
equilibrium,5
universal-soldier-1,5
swordfish,5
dexter-6,10
constantine-2,5
top-secret,2
cobra-1,2
in-bruges,5
expendables-1,5
man-on-fire,5
memento,5
the-road,5
point-break,5
the-thing-1,5
reservoir-dogs,5
the-machinist,5
this-movie-is-broken,5
kingsmen,5
mega-python-vs-gatoroid,2
hugo,5
pulp-fiction,5
death-defying-acts,2
selena,2
hide-and-seek,2
hairspray,2
constantine-1,2
the-matrix-reloaded,2
team-america,5
a-beautiful-mind,5
the-raid-redemption,5
transporter-2,5
serenity,5
40-year-old-virgin,5
thats-my-boy,5
blitz,5
battle-royale,5
dexter-1,10
defendor,5
bunraku,5
the-girl-next-door,5
chasing-amy,5
milenium-1-2-3,15
milenium-1-2-3,
milenium-1-2-3,
universal-soldier-day-of-reckoning,5
anchorman-2,5
alive,5
the-new-guy,5
the-thing,2
evil-dead,2
zack-and-miri-makes-a-porno,5
war-inc,2
valhala-rising,5
universal-soldier,5
underworld,5
tucker-and-dale-vs-evil,5
troy,5
trainspotting,5
total-recall,5
tim-and-erics-billion-dollar-movie,5
this-is-the-end,5
the-worlds-end,5
the-warriors-way,5
the-running-man,5
the-protector,2
the-man-from-nowhere,5
the-hangover,5
the-girl-with-the-dragon-tatoo-new,5
the-fifth-element,5
the-dark-knight,2
the-big-hit,5
the-babadouk,5
the-adjustment-bureau,5
terminator-sarah-connor-chronicles,10
terminator-3,2
terminator-2,5
terminator-1,5
ted,5
tanguy,5
tai-chi-master,5
superbad,5
super-troopers,5
starcrash,5
spiderman-1-2-3,10
spawn,2
spaceballz,2
source-code,5
snatch,5
sin-city,5
shutter-island,5
shoot-em-up,5
shaolin-soccer,2
seven-psychopats,5
safe,5
run-lola-run,2
robo-geisha,5
robin-hood-men-in-tights,2
roadtrip,2
righteous-kill,5
requiem-for-a-dream,5
red-state,5
red-siren,2
red,5
rambo-1-2-3,10
punisher,5
premium-rush,5
police-academy,5
pixar-short-films,5
pitch-black,5
pineapple-express,5
paul,5
parker,5
paranormal-activity,5
paranoia,5
pans-labyrinth,2
out-of-time,2
orgasmo,2
ong-bak-3,5
old-school,5
observe-and-report,5
natural-born-killers,5
morta-kombat,2
moon,5
monsters,5
mission-impossible-ghost-protocol,5
mimic,5
mechanic,5
martyts,5
man-of-tai-chi,5
mama,5
machine-gun-preacher,5
macgrubber,5
lucky-number-slevin,5
lord-of-war,5
lock-stock-two-smoking-barrels,5
leon-the-professional,5
kung-fu-hustle,5
kung-fu-dunk,5
knocked-up,5
king-of-ants,2
killer-elite,5
kill-list,2
kill-bill-2,5
kill-bill-1,5
karate-kid-3,5
karate-kid-1-2,5
jupiter-ascending,5
jcvd,5
jay-and-silent-bob,2
iron-man,5
ip-man-legend-of-grandmaster,5
ip-man-final-fight,5
ip-man,5
interview-with-a-vampire,5
insideous,5
inglorious-bastards,5
inception,5
in-time,5
idiocracy,2
i-saw-the-devil,5
how-to-train-your-dragon,5
hot-fuzz,5
hobo-with-a-shotgun,5
hellraiser,5
headhunters,5
haywire-metal,5
harold-and-kumar-1-2,5
hannibal-lecter,7
hackers,2
green-mile,5
green-lantern,5
green-hornet,5
gran-torio,5
goon,5
godfather-1-2-3,15
gladiator,5
ghostbusters,5
ghost-in-the-shell,5
get-the-gringo,5
get-him-to-the-greek,5
from-dusk-till-dawn,5
forgetting-sarah-marshall,5
final-fantasy-13-ps3,5
fight-club,5
fear-and-loathing-in-las-vegas,2
face-off,5
expendables,5
evil-dead-new,5
event-horizon,5
eternal-sunshine-of-the-spotless-mind,5
eraser,5
end-of-days,2
elysium,5
edward-scisors-hands,5
easy-a,5
drunken-master,5
donnie-darko,5
domino,2
dogma,5
dog-day-afternoon,5
dodgeball,5
django,5
district-9,5
die-hard-1-2-3-4,15
dexter-4,10
dexter-3,10
dexter-2,10
descent,5
dede-les-colocs,5
dead-leaves,5
dark-city,5
crank-2,5
crank,5
constantine,2
conan-1-et-2,5
commando-br,5
collateral-damage,5
cobra,5
clerks1,5
clerks-2,5
chronicles-of-riddick,5
chronicle,5
children-of-men,5
cheech,2
cabin-in-the-woods,5
butterfly-effect,5
bruno,2
bridesmaids,5
brave,5
bourne-1-2-3-4,15
bourne-1-2-3-4,
bourne-1-2-3-4,
boondock-saints,2
bladerunner,2
blade-1-2-3,10
black-swan,5
benjamin-button,5
beetlejuice0,5
beerfest,5
baseketball,2
bad-lieutenant,5
avp,2
avatar,5
attack-the-block,5
army-of-darkness,5
apocalypto,5
anchorman,5
american-history-x,5
american-gangster,5
amelie-poulin,5
aeon-flux,10
ace-ventura-1-2-animateds,5
abraham-lincoln-vampire-hunter,5
abenobashi-arcade,2
500-days-of-summer,5
,5
,5
,5
,2
